{
  "baseline": {
    "accuracy": 0.703125,
    "confusion_matrix": [
      [
        110,
        38,
        1
      ],
      [
        28,
        85,
        15
      ],
      [
        2,
        11,
        30
      ]
    ],
    "classification_report": {
      "0": {
        "precision": 0.7857142857142857,
        "recall": 0.738255033557047,
        "f1-score": 0.7612456747404844,
        "support": 149.0
      },
      "1": {
        "precision": 0.6343283582089553,
        "recall": 0.6640625,
        "f1-score": 0.648854961832061,
        "support": 128.0
      },
      "2": {
        "precision": 0.6521739130434783,
        "recall": 0.6976744186046512,
        "f1-score": 0.6741573033707865,
        "support": 43.0
      },
      "accuracy": 0.703125,
      "macro avg": {
        "precision": 0.6907388523222396,
        "recall": 0.6999973173872327,
        "f1-score": 0.6947526466477774,
        "support": 320.0
      },
      "weighted avg": {
        "precision": 0.7072154271345138,
        "recall": 0.703125,
        "f1-score": 0.7045868896743119,
        "support": 320.0
      }
    }
  },
  "best_k": 14,
  "best_metrics": {
    "accuracy": 0.7375,
    "confusion_matrix": [
      [
        118,
        29,
        2
      ],
      [
        27,
        87,
        14
      ],
      [
        1,
        11,
        31
      ]
    ],
    "classification_report": {
      "0": {
        "precision": 0.8082191780821918,
        "recall": 0.7919463087248322,
        "f1-score": 0.8,
        "support": 149.0
      },
      "1": {
        "precision": 0.6850393700787402,
        "recall": 0.6796875,
        "f1-score": 0.6823529411764706,
        "support": 128.0
      },
      "2": {
        "precision": 0.6595744680851063,
        "recall": 0.7209302325581395,
        "f1-score": 0.6888888888888889,
        "support": 43.0
      },
      "accuracy": 0.7375,
      "macro avg": {
        "precision": 0.7176110054153462,
        "recall": 0.7308546804276572,
        "f1-score": 0.7237472766884533,
        "support": 320.0
      },
      "weighted avg": {
        "precision": 0.7389731219749528,
        "recall": 0.7375,
        "f1-score": 0.7380106209150328,
        "support": 320.0
      }
    }
  }
}